{
  "block_number": 21200000,
  "problem_size_original": 75,
  "problem_size_filtered": 75,
  "lpu_solution": {
    "selected_tx_indices": [
      0,
      1,
      3,
      5,
      6,
      10,
      11,
      12,
      16,
      19,
      22,
      23,
      24,
      25,
      26,
      28,
      29,
      30,
      31,
      32,
      36,
      39,
      43,
      44,
      45,
      46,
      49,
      50,
      51,
      54,
      55,
      56,
      57,
      58,
      61,
      62,
      64,
      66,
      69,
      71,
      72,
      73,
      74
    ],
    "num_txs": 43,
    "total_profit_wei": 15216130815382812,
    "total_profit_eth": 0.015216130815382811,
    "total_gas": 7856571,
    "gas_utilization": 0.2618857,
    "constraint_satisfied": true
  },
  "greedy_solution_filtered": {
    "selected_tx_indices": [
      0,
      1,
      2,
      3,
      4,
      5,
      6,
      7,
      8,
      9,
      10,
      11,
      12,
      13,
      14,
      15,
      16,
      17,
      18,
      19,
      20,
      21,
      22,
      23,
      24,
      25,
      26,
      27,
      28,
      29,
      30,
      31,
      32,
      33,
      34,
      35,
      36,
      37,
      38,
      39,
      40,
      41,
      42,
      43,
      44,
      45,
      46,
      47,
      48,
      49,
      50,
      51,
      52,
      53,
      54,
      55,
      56,
      57,
      58,
      59,
      60,
      61,
      62,
      63,
      64,
      65,
      66,
      67,
      68,
      69,
      70,
      71,
      72,
      73,
      74
    ],
    "num_txs": 75,
    "total_profit_wei": 19475667112017234,
    "total_profit_eth": 0.01947566711201723,
    "total_gas": 15602695,
    "gas_utilization": 0.5200898333333334
  },
  "greedy_solution_full": {
    "num_txs": 75,
    "total_profit_wei": 19475667112017234,
    "total_profit_eth": 0.01947566711201723,
    "total_gas": 15602695,
    "gas_utilization": 0.5200898333333334
  },
  "comparison": {
    "profit_difference_wei": -4259536296634422,
    "profit_difference_eth": -0.004259536296634422,
    "profit_improvement_percent": -21.87106748197665,
    "lpu_is_better": false
  }
}