{
  "block_number": 21200000,
  "problem_size_original": 75,
  "problem_size_filtered": 75,
  "lpu_solution": {
    "selected_tx_indices": [
      0,
      3,
      5,
      7,
      11,
      12,
      13,
      14,
      18,
      20,
      22,
      23,
      25,
      26,
      27,
      28,
      31,
      32,
      34,
      35,
      36,
      37,
      38,
      39,
      41,
      42,
      43,
      44,
      52,
      54,
      55,
      57,
      58,
      59,
      61,
      63,
      65,
      68,
      69,
      70,
      71
    ],
    "num_txs": 41,
    "total_profit_wei": 12873415052778731,
    "total_profit_eth": 0.012873415052778732,
    "total_gas": 7664600,
    "gas_utilization": 0.25548666666666664,
    "constraint_satisfied": true
  },
  "greedy_solution_filtered": {
    "selected_tx_indices": [
      0,
      1,
      2,
      3,
      4,
      5,
      6,
      7,
      8,
      9,
      10,
      11,
      12,
      13,
      14,
      15,
      16,
      17,
      18,
      19,
      20,
      21,
      22,
      23,
      24,
      25,
      26,
      27,
      28,
      29,
      30,
      31,
      32,
      33,
      34,
      35,
      36,
      37,
      38,
      39,
      40,
      41,
      42,
      43,
      44,
      45,
      46,
      47,
      48,
      49,
      50,
      51,
      52,
      53,
      54,
      55,
      56,
      57,
      58,
      59,
      60,
      61,
      62,
      63,
      64,
      65,
      66,
      67,
      68,
      69,
      70,
      71,
      72,
      73,
      74
    ],
    "num_txs": 75,
    "total_profit_wei": 19475667112017234,
    "total_profit_eth": 0.01947566711201723,
    "total_gas": 15602695,
    "gas_utilization": 0.5200898333333334
  },
  "greedy_solution_full": {
    "num_txs": 75,
    "total_profit_wei": 19475667112017234,
    "total_profit_eth": 0.01947566711201723,
    "total_gas": 15602695,
    "gas_utilization": 0.5200898333333334
  },
  "comparison": {
    "profit_difference_wei": -6602252059238503,
    "profit_difference_eth": -0.006602252059238503,
    "profit_improvement_percent": -33.900004663586905,
    "lpu_is_better": false
  }
}