{
  "block_number": 21200000,
  "problem_size_original": 2005,
  "problem_size_filtered": 75,
  "lpu_solution": {
    "selected_tx_indices": [
      3,
      5,
      9,
      15,
      19,
      21,
      22,
      24,
      28,
      29,
      30,
      32,
      33,
      35,
      37,
      41,
      42,
      44,
      45,
      46,
      47,
      50,
      52,
      56,
      57,
      58,
      60,
      61,
      62,
      63,
      66,
      68,
      69,
      71,
      72,
      73
    ],
    "num_txs": 36,
    "total_profit_wei": 12995326793431049,
    "total_profit_eth": 0.012995326793431048,
    "total_gas": 7897494,
    "gas_utilization": 0.2632498,
    "constraint_satisfied": true
  },
  "greedy_solution_filtered": {
    "selected_tx_indices": [
      0,
      1,
      2,
      3,
      4,
      5,
      6,
      7,
      8,
      9,
      10,
      11,
      12,
      13,
      14,
      15,
      16,
      17,
      18,
      19,
      20,
      21,
      22,
      23,
      24,
      25,
      26,
      27,
      28,
      29,
      30,
      31,
      32,
      33,
      34,
      35,
      36,
      37,
      38,
      39,
      40,
      41,
      42,
      43,
      44,
      45,
      46,
      47,
      48,
      49,
      50,
      51,
      52,
      53,
      54,
      55,
      56,
      57,
      58,
      59,
      60,
      61,
      62,
      63,
      64,
      65,
      66,
      67,
      68,
      69,
      70,
      71,
      72,
      73,
      74
    ],
    "num_txs": 75,
    "total_profit_wei": 19475667112017234,
    "total_profit_eth": 0.01947566711201723,
    "total_gas": 15602695,
    "gas_utilization": 0.5200898333333334
  },
  "greedy_solution_full": {
    "num_txs": 280,
    "total_profit_wei": 19475667112017234,
    "total_profit_eth": 0.01947566711201723,
    "total_gas": 29995895,
    "gas_utilization": 0.9998631666666666
  },
  "comparison": {
    "profit_difference_wei": -6480340318586185,
    "profit_difference_eth": -0.006480340318586185,
    "profit_improvement_percent": -33.2740351399186,
    "lpu_is_better": false
  }
}